x,y,yaw,speed
0.269653,-2.204236,1.116418,0.400000
