x,y,yaw,speed
1.485118,-2.178126,-1.739394,0.400000
